clientSlug,src,imageFile,alt,order
"silver-dj","/silver-dj/gallery/optimized/gallery-silver1.jpg","","Silver DJ en portrait scénique","1"
"silver-dj","/silver-dj/gallery/optimized/gallery-silver2.jpg","","Silver DJ en performance live","2"
"silver-dj","/silver-dj/gallery/optimized/gallery-silver3.jpg","","Silver DJ derrière les platines","3"
"silver-dj","/silver-dj/gallery/optimized/gallery-silver4.jpg","","Silver DJ pendant un show","4"
"silver-dj","/silver-dj/gallery/optimized/gallery-silver5.jpg","","Silver DJ en moment live","5"
"silver-dj","/silver-dj/gallery/optimized/gallery-silver6.jpg","","Portrait événementiel de Silver DJ","6"
"silver-dj","/silver-dj/gallery/optimized/gallery-silver7.jpg","","Silver DJ sur scène","7"
"silver-dj","/silver-dj/gallery/optimized/gallery-silver8.jpg","","Visuel Silver DJ","8"
"silver-dj","/silver-dj/gallery/optimized/gallery-silver9.jpg","","Silver DJ sélection visuelle","9"
"silver-dj","/silver-dj/gallery/optimized/gallery-silver10.jpg","","Silver DJ en portrait","10"
"silver-dj","/silver-dj/gallery/optimized/gallery-silver11.jpg","","Silver DJ en compétition","11"
"silver-dj","/silver-dj/gallery/optimized/gallery-silver13.jpg","","Silver DJ en live grand format","12"
"silver-dj","/silver-dj/gallery/optimized/gallery-silver14.jpg","","Silver DJ sur une scène internationale","13"
"silver-dj","/silver-dj/gallery/optimized/gallery-silver15.jpg","","Silver DJ face au public","14"
"silver-dj","/silver-dj/gallery/optimized/gallery-silver3-1.jpeg","","Silver DJ en performance","15"
"silver-dj","/silver-dj/gallery/silverdj-bloom-1.jpg","","Silver DJ en live au Bloom","16"
"silver-dj","/silver-dj/gallery/silverdj-BSFS-1.jpg","","Portrait live de Silver DJ","17"
"silver-dj","/silver-dj/gallery/silverdj-champion-2.jpg","","Silver DJ moment victoire","18"
"silver-dj","/silver-dj/gallery/silverdj-bloom-2.jpg","","Public du Bloom avec Silver DJ","19"
"silver-dj","/silver-dj/gallery/silverdj-champion-3.jpg","","Silver DJ en coulisses","20"
