clientSlug,sectionKey,eyebrow,title,description,supportingText,signatureLabel,signatureQuote,paragraphs,tags
"silver-dj","about","À propos","Une force montante
du deejaying africain.","","Son parcours relie Bouaké, Abidjan, Paris, Tokyo, Casablanca et les grandes scènes d'Afrique de l'Ouest.","Signature","Une technique de compétition, une énergie contagieuse et une capacité rare à lire la foule.","Né à Bouaké le 04 septembre 2001, Silver DJ, alias Coulibaly Siaka, est un DJ ivoirien marqué par une passion profonde pour la musique, la performance scénique et la culture du deejaying.
Issu de la première promotion de la DJ School à Abidjan, il fait ses premiers pas en compétition en 2021 lors de la Battle DJ Highlander, qu'il remporte brillamment. Cette victoire l'installe rapidement dans le milieu professionnel abidjanais.
De 2021 à 2024, il devient DJ résident au Felah, un lieu emblématique de la jeunesse abidjanaise. Il y affine son identité, sa technique et sa présence, avant de confirmer son rayonnement avec les titres de champion DMC West Africa 2024, 2025 et 2026.
Vice-champion DMC World 2024 à Paris, 3e DMC World 2025 à Tokyo et Best International DJ aux Guinness Ghana DJ Awards 2024, Silver DJ continue d'élargir son influence entre clubs, festivals, médias, institutions et scènes internationales.","Champion DMC
Turntablism
Afro
Hip-Hop
Dancehall
House
Soca
Trap"
"silver-dj","clubs","Expérience","Des grandes scènes,
un impact international.","Silver DJ navigue entre résidences club, festivals, compétitions mondiales, événements institutionnels et tournées internationales avec une même exigence: transformer chaque prestation en expérience mémorable.","","","","",""
"silver-dj","sound","Son","À l'écoute.","","","","","Silver DJ mélange avec fluidité les sonorités africaines et internationales: hip-hop, dancehall, house, funk, soca, trap, drill et afro house.
Sa signature repose sur les scratches, mashups, toneplay et transitions complexes, mais aussi sur sa capacité à raconter une histoire et créer une connexion festive avec le public.
Ses contenus regroupent performances live, remixes, mashups, mixtapes et séries audio comme Monkey's Piano Mix ou Home Session, avec plus de 20 mixes et remixes disponibles.",""
"silver-dj","videos","Vidéos","Performances live,
mixtapes et mashups.","Les extraits montrent toute l'énergie de Silver DJ: shows live, remixes, mashups et performances captées au plus près du public.","","","","",""
"silver-dj","spotify","Spotify","Radio Silver","Une sélection intégrée pour prolonger l'univers musical de Silver DJ entre audio, mixtapes et inspirations club.","","","","",""
"silver-dj","brands","Partenaires","Marques, institutions
et lieux d'excellence.","Silver DJ est sollicité par des marques, institutions, hôtels, clubs et événements majeurs pour porter des moments à forte visibilité.","Desperados, Heineken, Martini, la BAD, l'Ambassade de France, Novotel, Pullman ou Movenpick font partie des environnements où son énergie scénique rencontre des exigences premium.","","","",""
"silver-dj","contact","Contact","Booking & Demandes.","Pour vos soirées, festivals, événements privés ou institutionnels, Silver DJ est disponible au booking depuis Abidjan et pour toute prestation.","","","","",""
"silver-dj","gallery","Galerie","Galerie","Une sélection d'images entre scène, compétition et moments de public pour donner un aperçu plus concret de l'univers Silver DJ.","","","","",""
